<?xml version="1.0" encoding="UTF-8"?>
<CUSTOMCARVER><DATACARVER version="0.0.0.0"><ID>77415</ID><TYPE>2</TYPE><NAME>Allegro Generic Packfile (uncompressed)</NAME><EXT><EXT_ID>0</EXT_ID><EXT_NAME>DAT</EXT_NAME></EXT><MAIN_SIG><OFFSET>0</OFFSET><NUM_BYTES>4</NUM_BYTES><SIG>736C682E</SIG></MAIN_SIG><AUTHOR>Gary C. Kessler</AUTHOR><DESCRIPTION>Allegro Generic Packfile (uncompressed)</DESCRIPTION></DATACARVER><FTYPE>1003</FTYPE><MAX_SIZE>10000000000000</MAX_SIZE><MIN_SIZE>0</MIN_SIZE></CUSTOMCARVER>
