<?xml version="1.0" encoding="UTF-8"?>
<CUSTOMCARVER><DATACARVER version="0.0.0.0"><ID>77095</ID><TYPE>2</TYPE><NAME>Brother-Babylock-Bernina Home Embroidery</NAME><EXT><EXT_ID>0</EXT_ID><EXT_NAME>PES</EXT_NAME></EXT><MAIN_SIG><OFFSET>0</OFFSET><NUM_BYTES>5</NUM_BYTES><SIG>2350455330</SIG></MAIN_SIG><AUTHOR>Gary C. Kessler</AUTHOR><DESCRIPTION>Brother-Babylock-Bernina Home Embroidery</DESCRIPTION></DATACARVER><FTYPE>1003</FTYPE><MAX_SIZE>10000000000000</MAX_SIZE><MIN_SIZE>0</MIN_SIZE></CUSTOMCARVER>
