<?xml version="1.0" encoding="UTF-8"?>
<CUSTOMCARVER><DATACARVER version="0.0.0.0"><ID>77172</ID><TYPE>2</TYPE><NAME>Calculux Indoor lighting project file</NAME><EXT><EXT_ID>0</EXT_ID><EXT_NAME>CIN</EXT_NAME></EXT><MAIN_SIG><OFFSET>0</OFFSET><NUM_BYTES>16</NUM_BYTES><SIG>43616C63756C757820496E646F6F7220</SIG></MAIN_SIG><AUTHOR>Gary C. Kessler</AUTHOR><DESCRIPTION>Calculux Indoor lighting project file</DESCRIPTION></DATACARVER><FTYPE>1003</FTYPE><MAX_SIZE>10000000000000</MAX_SIZE><MIN_SIZE>0</MIN_SIZE></CUSTOMCARVER>
