<?xml version="1.0" encoding="UTF-8"?>
<CUSTOMCARVER><DATACARVER version="0.0.0.0"><ID>77016</ID><TYPE>2</TYPE><NAME>Compucon-Singer embroidery design file</NAME><EXT><EXT_ID>0</EXT_ID><EXT_NAME>XXX</EXT_NAME></EXT><MAIN_SIG><OFFSET>0</OFFSET><NUM_BYTES>16</NUM_BYTES><SIG>00000000000000000000000000000000</SIG></MAIN_SIG><AUTHOR>Gary C. Kessler</AUTHOR><DESCRIPTION>Compucon-Singer embroidery design file</DESCRIPTION></DATACARVER><FTYPE>1003</FTYPE><MAX_SIZE>10000000000000</MAX_SIZE><MIN_SIZE>0</MIN_SIZE></CUSTOMCARVER>
