<?xml version="1.0" encoding="UTF-8"?>
<CUSTOMCARVER><DATACARVER version="0.0.0.0"><ID>77448</ID><TYPE>2</TYPE><NAME>Extended tcpdump (libpcap) capture file</NAME><EXT><EXT_ID>0</EXT_ID><EXT_NAME>(none)</EXT_NAME></EXT><MAIN_SIG><OFFSET>0</OFFSET><NUM_BYTES>4</NUM_BYTES><SIG>A1B2CD34</SIG></MAIN_SIG><AUTHOR>Gary C. Kessler</AUTHOR><DESCRIPTION>Extended tcpdump (libpcap) capture file</DESCRIPTION></DATACARVER><FTYPE>1003</FTYPE><MAX_SIZE>10000000000000</MAX_SIZE><MIN_SIZE>0</MIN_SIZE></CUSTOMCARVER>
