<?xml version="1.0" encoding="UTF-8"?>
<CUSTOMCARVER><DATACARVER version="0.0.0.0"><ID>77215</ID><TYPE>2</TYPE><NAME>Inter@ctive Pager Backup (BlackBerry file</NAME><EXT><EXT_ID>0</EXT_ID><EXT_NAME>IPD</EXT_NAME></EXT><MAIN_SIG><OFFSET>0</OFFSET><NUM_BYTES>17</NUM_BYTES><SIG>496E7465724063746976652050616765</SIG></MAIN_SIG><AUTHOR>Gary C. Kessler</AUTHOR><DESCRIPTION>Inter@ctive Pager Backup (BlackBerry file</DESCRIPTION></DATACARVER><FTYPE>1003</FTYPE><MAX_SIZE>10000000000000</MAX_SIZE><MIN_SIZE>0</MIN_SIZE></CUSTOMCARVER>
