<?xml version="1.0" encoding="UTF-8"?>
<CUSTOMCARVER><DATACARVER version="0.0.0.0"><ID>77087</ID><TYPE>2</TYPE><NAME>Microsoft Outlook Exchange Offline Storage Folder</NAME><EXT><EXT_ID>0</EXT_ID><EXT_NAME>OST</EXT_NAME></EXT><MAIN_SIG><OFFSET>0</OFFSET><NUM_BYTES>4</NUM_BYTES><SIG>2142444E</SIG></MAIN_SIG><AUTHOR>Gary C. Kessler</AUTHOR><DESCRIPTION>Microsoft Outlook Exchange Offline Storage Folder</DESCRIPTION></DATACARVER><FTYPE>1003</FTYPE><MAX_SIZE>10000000000000</MAX_SIZE><MIN_SIZE>0</MIN_SIZE></CUSTOMCARVER>
