<?xml version="1.0" encoding="UTF-8"?>
<CUSTOMCARVER><DATACARVER version="0.0.0.0"><ID>77372</ID><TYPE>2</TYPE><NAME>Microsoft Code Page Translation file</NAME><EXT><EXT_ID>0</EXT_ID><EXT_NAME>CPX</EXT_NAME></EXT><MAIN_SIG><OFFSET>0</OFFSET><NUM_BYTES>8</NUM_BYTES><SIG>5B57696E646F7773</SIG></MAIN_SIG><AUTHOR>Gary C. Kessler</AUTHOR><DESCRIPTION>Microsoft Code Page Translation file</DESCRIPTION></DATACARVER><FTYPE>1003</FTYPE><MAX_SIZE>10000000000000</MAX_SIZE><MIN_SIZE>0</MIN_SIZE></CUSTOMCARVER>
