<TrID ver="2.00">
  <Info>
    <FileType>DVD video file</FileType>
    <Ext>MPG|VOB</Ext>
    <User>Gary C. Kessler</User>
    <E-Mail>gck@garykessler.net</E-Mail>
    <Home>http://www.garykessler.net</Home>
  </Info>
  <General>
    <FileNum>14</FileNum>
    <Refine>Gary C. Kessler</Refine>
    <Date>
      <Year>2015</Year>
      <Month>12</Month>
      <Day>13</Day>
    </Date>
    <Time>
      <Hour>21</Hour>
      <Min>06</Min>
      <Sec>27</Sec>
    </Time>
    <Creator>GCK's convert_sigs v4.2</Creator>
  </General>
  <FrontBlock>
    <Pattern>
      <Bytes>000001BA</Bytes>
      <Pos>0</Pos>
    </Pattern>
  </FrontBlock>
</TrID>
